{"cameraMode":{"drawMode":0,"name":"Shaded","section":"Shading Mode"},"sceneLighting":true,"audioPlay":false,"sceneViewState":{"showFog":true,"showMaterialUpdate":false,"showSkybox":true,"showFlares":true,"showImageEffects":true,"showParticleSystems":true,"showVisualEffectGraphs":true,"m_FxEnabled":true},"in2DMode":false,"pivot":{"x":378.0457763671875,"y":173.76016235351563,"z":3.3953857421875},"rotation":{"x":0.047978926450014117,"y":0.01048771571367979,"z":-0.0005037973169237375,"w":0.9987932443618774},"size":211.7723846435547,"orthographic":false}